﻿{"items":[{"key":"welcome greet","phrase":"Bienvenido a la aplicación de aprendizaje de idiomas de Burke Language Learning"},{"key":"language continue","phrase":"Continuar"},{"key":"welcome congrats","phrase":"Felicidades por comenzar tu nuevo y emocionante viaje al mundo de los idiomas"},{"key":"select difficulty","phrase":"Por favor seleccione el nivel de dificultad del idioma"},{"key":"beginner","phrase":"Principiante"},{"key":"pre intermediate","phrase":"Pre-intermedio"},{"key":"low intermediate","phrase":"Intermedio bajo"},{"key":"intermediate","phrase":"Intermedio"},{"key":"upper intermediate","phrase":"Intermedio alto"},{"key":"advanced","phrase":"Avanzado"}]}