{"items":[{"key":"welcome greet","phrase":"Welcome to Burke's Language Learning App"},{"key":"language continue","phrase":"Continue"},{"key":"welcome congrats","phrase":"Congratulations on starting your new and exciting journey into the world of languages"},{"key":"select difficulty","phrase":"Please select a language difficulty"},{"key":"beginner","phrase":"Beginner"},{"key":"pre intermediate","phrase":"Pre Intermediate"},{"key":"low intermediate","phrase":"Low Intermediate"},{"key":"intermediate","phrase":"Intermediate"},{"key":"upper intermediate","phrase":"Upper Intermediate"},{"key":"advanced","phrase":"Advanced"}]}