﻿{"items":[{"key":"welcome greet","phrase":"Bienvenue sur l'application d'apprentissage linguistique de Burke"},{"key":"language continue","phrase":"Continuer"},{"key":"welcome congrats","phrase":"Félicitations pour votre nouveau et passionnant voyage dans le monde des langues"},{"key":"select difficulty","phrase":"Veuillez sélectionner une difficulté de langue"},{"key":"beginner","phrase":"Débutant"},{"key":"pre intermediate","phrase":"Pré intermédiaire"},{"key":"low intermediate","phrase":"Faible intermédiaire"},{"key":"intermediate","phrase":"Intermédiaire"},{"key":"upper intermediate","phrase":"Intermédiaire Supérieur"},{"key":"advanced","phrase":"Avancée"}]}